{
    "model_type": "rf",
    "best_alpha": {
        "model__n_estimators": 200,
        "model__min_samples_split": 5,
        "model__min_samples_leaf": 1,
        "model__max_features": "log2",
        "model__max_depth": 20
    },
    "cv_score": 0.898935371953335,
    "train_r2": 0.9629758030675737,
    "test_r2": 0.9098261785139903,
    "MAE": 47342.16966591459,
    "RMSE": 66887.72508494351,
    "MAPE": 14.617890426044921,
    "timestamp": "2026-03-22 10:48:00"
}